{
    "Sound": {
        "GeneralVolume": {
            "value": 69.5999984741211
        },
        "HitSoundsVolume": {
            "value": 69.9000015258789
        },
        "MusicVolume": {
            "value": 89.69999694824219
        },
        "SkinHitSounds": {
            "value": true
        }
    },
    "Video": {
        "Dimension": {
            "index": 8
        },
        "FPS": {
            "index": 1
        },
        "Zoom": {
            "value": 1.1959999799728394
        }
    }
}
