{
    "Sound": {
        "GeneralVolume": {
            "value": 3.299999237060547
        },
        "HitSoundsVolume": {
            "value": 76.19999694824219
        },
        "MusicVolume": {
            "value": 98.69999694824219
        },
        "SkinHitSounds": {
            "value": false
        }
    },
    "Video": {
        "Dimension": {
            "index": 8
        },
        "FPS": {
            "index": 1
        },
        "Zoom": {
            "value": 1.0190000534057617
        }
    }
}
