{
    "Sound": {
        "GeneralVolume": {
            "value": 66.30000305175781
        },
        "HitSoundsVolume": {
            "value": 50.099998474121094
        },
        "MusicVolume": {
            "value": 53.69999694824219
        },
        "SkinHitSounds": {
            "value": false
        }
    },
    "Video": {
        "Dimension": {
            "index": 5
        },
        "FPS": {
            "index": 1
        },
        "Zoom": {
            "value": 1.1330000162124634
        }
    }
}
